Strike;Price;Expiry;IV;Moneyness;impVol
3730;507,450;10;0,454534263305664;-0,126701149018398962;0,406860000000266
3780;459,050;10;0,432363464508057;-0,113385373042626830;0,400920000000260
3800;439,250;10;0,419714054870605;-0,108108315941783079;0,389060000000248
3890;354,400;10;0,388525401916504;-0,084700225043768146;0,377160000000236
3900;345,000;10;0,386679106903076;-0,082132829538522328;0,374040000000233
3930;317,800;10;0,376913579559326;-0,074469956792953207;0,370670000000230
3950;299,000;10;0,365133912200928;-0,069393803761092582;0,361260000000221
3970;281,150;10;0,361181925354004;-0,064343287975024047;0,357290000000217
3990;264,050;10;0,357855542602539;-0,059318151772351009;0,356190000000215
4005;251,000;10;0,352110665969849;-0,055565802153800560;0,352600000000212
4015;242,100;10;0,348746136627197;-0,053072035275398111;0,348530000000208
4025;233,450;10;0,344031217956543;-0,050584471803596411;0,345480000000205
4040;221,000;10;0,340483584976196;-0,046864690701064408;0,342840000000202
4050;212,700;10;0,337737030410767;-0,044392501555675340;0,340440000000200
4055;208,700;10;0,336440046310425;-0,043158695106746872;0,339800000000199
4080;189,200;10;0,332610128555298;-0,037012394258052791;0,336830000000196
4095;177,400;10;0,328429262161255;-0,033342665369090377;0,332960000000192
4100;173,800;10;0,327353528289795;-0,032122408963861010;0,332860000000192
4110;166,550;10;0,327612925109863;-0,029686354165979891;0,331970000000191
4115;162,850;10;0,326140466690063;-0,028470548545089999;0,330990000000190
4120;158,750;10;0,322997187576294;-0,027256219312688113;0,328230000000187
4130;150,500;10;0,313384246597290;-0,024831975701181747;0,322200000000181
4145;140,400;10;0,317107353897095;-0,021206594086864844;0,321290000000181
4155;133,400;10;0,312400064544678;-0,018796954366711627;0,318880000000178
4160;129,000;10;0,304427426986694;-0,017594308400951230;0,314020000000173
4165;125,700;10;0,303626348571777;-0,016393107055317133;0,313250000000173
4175;118,950;10;0,300170267410278;-0,013995024371304343;0,310670000000170
4185;112,450;10;0,295821556015015;-0,011602678732684509;0,308410000000168
4200;102,800;10;0,291587284393310;-0,008024857384800533;0,304240000000163
4210;97,350;10;0,291701724166870;-0,005646734979833108;0,304220000000163
4215;94,600;10;0,291171486549377;-0,004459791220304380;0,303870000000163
4220;90,950;10;0,287749737319946;-0,003274254626202723;0,300120000000159
4230;85,050;10;0,284888742980957;-0,000907389615936562;0,297170000000156
4235;82,400;10;0,284415725250244;0,000273945429894551;0,296510000000156
4245;76,250;10;0,279571108169556;0,002632437089187472;0,291650000000151
4255;71,500;10;0,278838693618774;0,004985379351214288;0,291090000000150
4260;68,150;10;0,275138474273682;0,006159777607155883;0,287040000000146
4270;63,300;10;0,273032782440186;0,008504444566410013;0,285050000000144
4275;61,100;10;0,272590281982422;0,009674719714600365;0,284590000000144
4280;58,350;10;0,270225193328857;0,010843626919582247;0,281940000000141
4285;55,300;10;0,266273206481934;0,012011169375619935;0,277990000000137
4295;51,250;10;0,265502645339966;0,014342172762095514;0,277010000000136
4300;48,500;10;0,261989344291687;0,015505640025393558;0,273520000000133
4305;45,700;10;0,258239534378052;0,016667755205570942;0,269590000000129
4320;40,700;10;0,258163241195679;0,020146019581895758;0,269530000000129
4325;38,900;10;0,257285869598389;0,021302757709719455;0,268600000000128
4330;36,900;10;0,255439574584961;0,022458159340275289;0,266670000000126
4335;35,100;10;0,254150219802856;0,023612227558381986;0,265320000000125
4340;33,300;10;0,252647244110107;0,024764965438190300;0,263740000000123
4345;31,700;10;0,251724096603394;0,025916376043232169;0,262760000000122
4350;29,900;10;0,249770991134644;0,027066462426469533;0,260710000000120
4355;28,500;10;0,249236938858032;0,028215227630342923;0,260150000000119
4360;26,850;10;0,247238057479858;0,029362674686819756;0,258260000000118
4365;25,550;10;0,247146505661011;0,030508806617442329;0,257710000000117
4370;24,250;10;0,245986849288940;0,031653626433375583;0,256940000000116
4375;22,750;10;0,244140554275513;0,032797137135454554;0,255000000000114
4380;21,400;10;0,242958009948730;0,033939341714231561;0,253510000000113
4385;20,000;10;0,241065939025879;0,035080243150023158;0,251500000000111
4395;18,050;10;0,240432705612183;0,037358148463017118;0,251060000000110
4400;16,950;10;0,239303566513061;0,038495158250092275;0,249860000000109
4405;16,100;10;0,239509558105469;0,039630876714019624;0,249790000000109
4410;14,950;10;0,237373348999023;0,040765306784631417;0,247800000000107
4415;13,900;10;0,235481278076172;0,041898451381800129;0,246090000000105
4420;12,950;10;0,234443690795898;0,043030313415483544;0,244680000000104
4435;10,800;10;0,232963603057861;0,046418233087419596;0,243390000000103
4440;10,150;10;0,232902568511963;0,047544993770010174;0,242960000000102
4450;8,800;10;0,230781618041992;0,049794713504025839;0,241030000000100
4455;8,300;10;0,230796876678467;0,050917678248649623;0,241030000000100
4465;7,300;10;0,230262824401855;0,053159831654339358;0,240420000000100
4470;6,750;10;0,229682996215820;0,054279025951354455;0,239330000000099
4480;5,700;10;0,226844889831543;0,056513663752770775;0,236720000000096
4485;5,300;10;0,226402389373779;0,057629112836636423;0,236210000000095
4495;4,600;10;0,225853078460693;0,059856285249460579;0,235550000000095
4500;4,250;10;0,225807302551270;0,060968014102151052;0,234860000000094
4505;3,900;10;0,224403507995605;0,062078508386178212;0,233900000000093
4515;3,400;10;0,224434025268555;0,064295804194825723;0,233810000000093
4520;3,100;10;0,223457472534180;0,065402611170016792;0,232730000000092
4525;2,875;10;0,222938678894043;0,066508194477766416;0,232480000000092
4530;2,600;10;0,222145229797363;0,067612556820819625;0,231180000000090
4540;2,225;10;0,221412815246582;0,069817629379133578;0,230690000000090
4550;1,875;10;0,220680400695801;0,072017850288736016;0,229730000000089
4555;1,725;10;0,220436262512207;0,073116148037798603;0,229400000000089
4560;1,575;10;0,219978503417969;0,074213240852171680;0,228820000000088
4570;1,300;10;0,218300053405762;0,076403822231990284;0,227460000000087
4580;1,100;10;0,218147467041016;0,078589615451970546;0,227130000000086
4585;1,000;10;0,217781259765625;0,079680723034305123;0,226620000000086
4595;0,825;10;0,216194361572266;0,081859373133527327;0,225660000000085
4605;0,675;10;0,215339877929688;0,084033287033147122;0,224610000000084
4620;0,500;10;0,215645050659180;0,087285322419524428;0,223350000000083
4640;0,350;10;0,216316430664062;0,091604983564040843;0,223220000000082
4650;0,275;10;0,213630910644531;0,093757836925141877;0,221710000000081
4670;0,200;10;0,217781259765625;0,098049689006682872;0,222940000000082
4690;0,150;10;0,220955056152344;0,102323199784064928;0,224930000000084
4720;0,100;10;0,226570234375000;0,108699416923340925;0,228470000000088
4725;0,100;10;0,228523339843750;0,109758178271582990;0,230480000000090
4730;0,100;10;0,230476445312500;0,110815819829718512;0,232480000000092
4740;0,100;10;0,234382656250000;0,112927753032862038;0,236480000000096
4750;0,100;10;0,238288867187500;0,115035235372426756;0,240460000000100
4775;0,075;10;0,248054394531250;0,120284591258570481;0,244020000000103
4800;0,075;10;0,248054394531250;0,125506535239722133;0,253620000000113
4850;0,050;10;0,266608896484375;0,135869322275268711;0,263500000000123
4900;0,050;10;0,284675122070312;0,146125822442457809;0,281620000000141
4950;0,050;10;0,302741347656250;0,156278193906475793;0,299450000000159
5000;0,050;10;0,320319296875000;0,166328529759977223;0,317010000000176
5200;0,025;10;0,367193828125000;0,205549242913258490;0,365680000000225
5400;0,025;10;0,427740097656250;0,243289570896105645;0,427200000000286
3600;639,650;17;0,469304623413086;-0,162175537212058768;0,419770000000279
3700;543,050;17;0,425024060363770;-0,134776563023944362;0,399790000000259
3750;493,800;17;0,395620667877197;-0,121353542691803692;0,375110000000234
3800;447,100;17;0,380835049133301;-0,108108315941783079;0,368780000000228
3850;400,750;17;0,367468483581543;-0,095036234374430192;0,358440000000218
3900;356,400;17;0,364111583557129;-0,082132829538522328;0,353200000000212
3925;333,400;17;0,345770702514648;-0,075743031439751321;0,343920000000203
3950;312,250;17;0,344260097503662;-0,069393803761092582;0,341860000000201
3975;291,700;17;0,341536430892944;-0,063084634567827869;0,340230000000199
4000;271,800;17;0,340247076110840;-0,056815021554232480;0,338990000000198
4010;262,350;17;0,332648275146484;-0,054318141355645284;0,332310000000192
4030;246,650;17;0,329337151031494;-0,049343006715531497;0,330140000000189
4050;229,950;17;0,322875118484497;-0,044392501555675340;0,323220000000182
4075;211,600;17;0,320151451873779;-0,038238635981297092;0,321430000000181
4090;199,900;17;0,315383127975464;-0,034564412619412746;0,317090000000176
4095;195,400;17;0,310416441802979;-0,033342665369090377;0,313620000000173
4105;188,500;17;0,309714544525147;-0,030903639769731584;0,313030000000172
4115;181,250;17;0,307479154281616;-0,028470548545089999;0,310990000000170
4135;167,700;17;0,306075359725952;-0,023622054198468502;0,308730000000168
4140;164,200;17;0,305213246765137;-0,022413594836900124;0,307600000000167
4145;160,700;17;0,303412727661133;-0,021206594086864844;0,306390000000166
4150;156,150;17;0,298156127395630;-0,020001048431516212;0,302040000000161
4160;149,900;17;0,296447160110474;-0,017594308400951230;0,301370000000161
4170;142,900;17;0,293006337585449;-0,015193346863413067;0,298170000000157
4180;136,500;17;0,289504480514526;-0,012798136137458204;0,296310000000156
4190;130,450;17;0,288108315277100;-0,010408648740076789;0,295060000000154
4195;127,650;17;0,288215125732422;-0,009216042754953654;0,294910000000154
4200;124,200;17;0,286063657989502;-0,008024857384800533;0,292850000000152
4205;121,100;17;0,285171027755737;-0,006835089249211780;0,291670000000151
4210;118,200;17;0,284179216384888;-0,005646734979833108;0,290950000000150
4220;111,200;17;0,279239232826233;-0,003274254626202723;0,285890000000145
4225;108,100;17;0,277694295883179;-0,002090121864985992;0,284320000000144
4235;102,750;17;0,276450717010498;0,000273945429894551;0,283200000000142
4240;100,000;17;0,275672526550293;0,001453886569743229;0,282280000000142
4245;97,400;17;0,274795154953003;0,002632437089187472;0,281660000000141
4250;94,850;17;0,274348839836121;0,003809600262202293;0,281080000000140
4255;92,100;17;0,273265476646423;0,004985379351214288;0,279840000000139
4260;89,500;17;0,273948300628662;0,006159777607155883;0,278900000000138
4265;85,650;17;0,267837216720581;0,007332798269519269;0,274410000000134
4270;83,350;17;0,267501526718140;0,008504444566410013;0,274070000000133
4275;81,000;17;0,267059026260376;0,009674719714600365;0,273490000000133
4280;78,300;17;0,265430166816711;0,010843626919582247;0,271820000000131
4285;75,000;17;0,262061822814941;0,012011169375619935;0,268370000000128
4290;72,500;17;0,260741950759888;0,013177350265802424;0,267010000000126
4295;70,150;17;0,259574665069580;0,014342172762095514;0,265960000000125
4305;66,250;17;0,259368673477173;0,016667755205570942;0,265760000000125
4310;62,950;17;0,255355652084351;0,017828521441533237;0,261640000000121
4320;59,300;17;0,255294617538452;0,020146019581895758;0,261440000000121
4325;56,600;17;0,252269592857361;0,021302757709719455;0,258620000000118
4335;52,400;17;0,249778620452881;0,023612227558381986;0,256060000000115
4340;50,150;17;0,248046765213013;0,024764965438190300;0,254130000000113
4345;48,400;17;0,247348682594299;0,025916376043232169;0,253560000000113
4350;46,150;17;0,245338357238770;0,027066462426469533;0,251340000000111
4355;44,300;17;0,244075705070496;0,028215227630342923;0,250200000000109
4365;41,300;17;0,243598872680664;0,030508806617442329;0,249700000000109
4370;39,350;17;0,241622879257202;0,031653626433375583;0,247830000000107
4375;38,000;17;0,241699172439575;0,032797137135454554;0,247740000000107
4380;36,050;17;0,239738437652588;0,033939341714231561;0,245560000000105
4385;34,750;17;0,239242531967163;0,035080243150023158;0,245380000000105
4390;32,600;17;0,236297615127563;0,036219844412956781;0,242180000000101
4395;31,350;17;0,235847485351562;0,037358148463017118;0,241880000000101
4405;28,650;17;0,234207181930542;0,039630876714019624;0,240190000000099
4415;26,100;17;0,232711835556030;0,041898451381800129;0,238450000000098
4420;24,600;17;0,230827393951416;0,043030313415483544;0,236500000000096
4430;22,350;17;0,229171831893921;0,045290201382921058;0,234970000000094
4435;21,100;17;0,227920623703003;0,046418233087419596;0,233470000000093
4440;20,200;17;0,227714632110596;0,047544993770010174;0,233250000000092
4445;19,250;17;0,226974588241577;0,048670486291744683;0,232680000000092
4455;17,450;17;0,225898854370117;0,050917678248649623;0,231550000000091
4460;16,450;17;0,224701051406860;0,052039383357849689;0,230300000000090
4470;14,850;17;0,223640576171875;0,054279025951354455;0,229190000000088
4475;14,100;17;0,222892902984619;0,055396969052695678;0,228650000000088
4480;13,350;17;0,222496178436279;0,056513663752770775;0,227970000000087
4495;11,450;17;0,221504367065430;0,059856285249460579;0,226890000000086
4505;10,250;17;0,220512555694580;0,062078508386178212;0,225830000000085
4510;9,750;17;0,220398115921020;0,063187770840463953;0,225680000000085
4515;9,250;17;0,220161607055664;0,064295804194825723;0,225410000000085
4520;8,750;17;0,219780141143799;0,065402611170016792;0,225000000000084
4530;7,850;17;0,219276606140137;0,067612556820819625;0,224420000000084
4540;7,000;17;0,218223760223389;0,069817629379133578;0,223640000000083
4550;6,250;17;0,218101691131592;0,072017850288736016;0,223050000000082
4570;5,050;17;0,218040656585693;0,076403822231990284;0,222830000000082
4575;4,700;17;0,216804707031250;0,077497316053361590;0,221960000000081
4580;4,400;17;0,216301172027588;0,078589615451970546;0,221410000000081
4590;3,900;17;0,215889188842773;0,080770641398330748;0,220910000000080
4600;3,450;17;0,216072292480469;0,082946920820926265;0,220420000000080
4610;3,025;17;0,214546428833008;0,085118474334434105;0,219660000000079
4620;2,675;17;0,214332807922363;0,087285322419524428;0,219340000000079
4630;2,325;17;0,213569876098633;0,089447485424019646;0,218460000000078
4650;1,775;17;0,212776427001953;0,093757836925141877;0,217380000000077
4670;1,350;17;0,211647287902832;0,098049689006682872;0,216500000000076
4680;1,175;17;0,211982977905273;0,100188727255432306;0,216110000000075
4700;0,900;17;0,211433666992187;0,104453126041889832;0,215850000000075
4710;0,775;17;0,211921943359375;0,106578525354203299;0,215340000000075
4740;0,500;17;0,210945390625000;0,112927753032862038;0,214470000000074
4750;0,450;17;0,211921943359375;0,115035235372426756;0,215290000000075
4775;0,325;17;0,214729532470703;0,120284591258570481;0,215880000000075
4800;0,250;17;0,216072292480469;0,125506535239722133;0,218020000000077
4850;0,150;17;0,222419885253906;0,135869322275268711;0,222510000000082
4900;0,100;17;0,230964721679688;0,146125822442457809;0,228970000000088
5000;0,075;17;0,259528889160156;0,166328529759977223;0,251260000000111
5200;0,050;17;0,303229624023437;0,205549242913258490;0,295120000000154
5400;0,025;17;0,334967587890625;0,243289570896105645;0,327650000000187
5600;0,025;17;0,380865566406250;0,279657215066980436;0,372600000000232
3500;742,800;30;0,426702510375977;-0,190346414178755058;0,393850000000253
3540;703,850;30;0,416402930755615;-0,178982655528440004;0,384000000000243
3600;646,800;30;0,402090329742432;-0,162175537212058768;0,376830000000236
3650;599,600;30;0,389845273971558;-0,148382215079722990;0,369100000000228
3700;553,800;30;0,380125522537231;-0,134776563023944362;0,365430000000225
3740;515,200;30;0,363356281051636;-0,124023771247682574;0,350330000000210
3780;478,950;30;0,355543859176636;-0,113385373042626830;0,344580000000204
3800;461,050;30;0,352225105743408;-0,108108315941783079;0,341700000000201
3850;418,000;30;0,345557081604004;-0,095036234374430192;0,337870000000197
3875;396,250;30;0,341254146118164;-0,088563719868812743;0,333460000000193
3880;391,700;30;0,338713583145142;-0,087274229038940984;0,331810000000191
3895;379,150;30;0,337454745635986;-0,083415703351411477;0,330210000000189
3915;361,900;30;0,331915860595703;-0,078294053231356645;0,325860000000185
3925;352,650;30;0,327086502151489;-0,075743031439751321;0,321590000000181
3955;328,100;30;0,322180850524902;-0,068128781454505891;0,317440000000177
3970;315,800;30;0,319174899139404;-0,064343287975024047;0,314700000000174
3980;307,750;30;0,317237052307129;-0,061827563377776756;0,313060000000172
3995;294,950;30;0,312361917953491;-0,058065803455885107;0,308350000000168
4025;272,350;30;0,308875319519043;-0,050584471803596411;0,305590000000165
4045;258,350;30;0,308287862014771;-0,045627832163668100;0,305300000000165
4055;251,200;30;0,307193054847717;-0,043158695106746872;0,304440000000164
4065;243,100;30;0,303824710845947;-0,040695639674349207;0,301140000000160
4070;239,300;30;0,302661239814758;-0,039466383219619497;0,300010000000159
4075;235,600;30;0,301680872421265;-0,038238635981297092;0,299080000000158
4090;223,550;30;0,296225909881592;-0,034564412619412746;0,293800000000153
4105;213,200;30;0,294177437934875;-0,030903639769731584;0,291990000000151
4115;206,650;30;0,293502243270874;-0,028470548545089999;0,291290000000151
4130;196,900;30;0,291968750305176;-0,024831975701181747;0,289970000000149
4140;188,600;30;0,286914326972961;-0,022413594836900124;0,284910000000144
4150;182,550;30;0,286780813903808;-0,020001048431516212;0,284530000000144
4160;175,950;30;0,280326410675049;-0,017594308400951230;0,282730000000142
4165;172,050;30;0,278091020431519;-0,016393107055317133;0,280480000000140
4170;168,050;30;0,275806039619446;-0,015193346863413067;0,277960000000137
4190;156,850;30;0,274039852447510;-0,010408648740076789;0,277490000000137
4195;153,350;30;0,272323255844116;-0,009216042754953654;0,275750000000135
4200;150,450;30;0,271983751182556;-0,008024857384800533;0,275210000000134
4210;142,450;30;0,267043767623901;-0,005646734979833108;0,269390000000129
4220;135,950;30;0,263927191123962;-0,003274254626202723;0,266450000000126
4225;132,900;30;0,262893418502808;-0,002090121864985992;0,265310000000125
4245;122,950;30;0,261390442810059;0,002632437089187472;0,264740000000124
4250;118,000;30;0,256797593231201;0,003809600262202293;0,259360000000119
4260;113,400;30;0,256763261299133;0,006159777607155883;0,259340000000119
4265;110,300;30;0,259498371887207;0,007332798269519269;0,257580000000117
4270;107,600;30;0,257900029716492;0,008504444566410013;0,256580000000116
4280;102,200;30;0,251846165695190;0,010843626919582247;0,254370000000114
4285;98,350;30;0,248195536918640;0,012011169375619935;0,250770000000110
4300;90,900;30;0,245620642013550;0,015505640025393558;0,248060000000107
4315;84,250;30;0,243240294723511;0,018987941861268082;0,246390000000106
4320;81,900;30;0,242168375511169;0,020146019581895758;0,245410000000105
4325;79,400;30;0,240806542205811;0,021302757709719455;0,244030000000103
4335;75,200;30;0,239551519355774;0,023612227558381986;0,242760000000102
4340;72,400;30;0,237316129112244;0,024764965438190300;0,240500000000100
4350;68,500;30;0,236251839218140;0,027066462426469533;0,239420000000099
4355;66,500;30;0,235504166030884;0,028215227630342923;0,238660000000098
4360;64,050;30;0,233799013404846;0,029362674686819756;0,236820000000096
4365;62,300;30;0,233329810333252;0,030508806617442329;0,236450000000096
4370;59,900;30;0,231449183387756;0,031653626433375583;0,234540000000094
4375;57,500;30;0,229469375305176;0,032797137135454554;0,232530000000092
4380;55,900;30;0,229206163825989;0,033939341714231561;0,232270000000092
4385;54,300;30;0,228870473823547;0,035080243150023158;0,231930000000091
4390;51,700;30;0,226146807212830;0,036219844412956781;0,229160000000088
4395;50,200;30;0,225875966415405;0,037358148463017118;0,228880000000088
4400;47,550;30;0,223396437988281;0,038495158250092275;0,225760000000085
4410;43,850;30;0,220733805923462;0,040765306784631417;0,223040000000082
4415;42,500;30;0,220363783988953;0,041898451381800129;0,222770000000082
4420;40,700;30;0,218914213523865;0,043030313415483544;0,221290000000081
4435;36,950;30;0,217548565559387;0,046418233087419596;0,220540000000080
4440;34,600;30;0,214905006790161;0,047544993770010174;0,217170000000076
4450;32,300;30;0,214340437240601;0,049794713504025839;0,216570000000076
4465;29,200;30;0,213310479278564;0,053159831654339358;0,216060000000075
4470;28,100;30;0,212806944274902;0,054279025951354455;0,215540000000075
4475;26,000;30;0,209541596069336;0,055396969052695678;0,211910000000071
4485;23,950;30;0,208282758560181;0,057629112836636423;0,210760000000070
4495;21,950;30;0,206962886505127;0,059856285249460579;0,209390000000069
4500;20,950;30;0,206154178771973;0,060968014102151052;0,208550000000068
4505;20,050;30;0,205574350585937;0,062078508386178212;0,207950000000067
4510;19,300;30;0,205246289901733;0,063187770840463953;0,207780000000067
4515;18,500;30;0,204834306716919;0,064295804194825723;0,207340000000067
4520;17,650;30;0,203972193756103;0,065402611170016792;0,206630000000066
4525;16,900;30;0,203735684890747;0,066508194477766416;0,206190000000065
4530;16,000;30;0,202659951019287;0,067612556820819625;0,205080000000064
4535;15,250;30;0,201843613967895;0,068715700892976891;0,204440000000064
4540;14,450;30;0,200920466461182;0,069817629379133578;0,203480000000063
4550;13,250;30;0,200386414184570;0,072017850288736016;0,202910000000062
4560;12,150;30;0,199943913726807;0,074213240852171680;0,202440000000062
4570;10,900;30;0,198685076217651;0,076403822231990284;0,200880000000060
4580;10,050;30;0,198471455307007;0,078589615451970546;0,200870000000060
4605;7,900;30;0,196724341430664;0,084033287033147122;0,199270000000059
4615;7,150;30;0,196419168701172;0,086202485280692423;0,198620000000058
4645;5,350;30;0,195503650512695;0,092681989591678782;0,197510000000057
4665;4,450;30;0,195534167785645;0,096978451625184078;0,197400000000057
4675;4,000;30;0,194649166870117;0,099119780066527260;0,196860000000056
4690;3,400;30;0,194008304138184;0,102323199784064928;0,196090000000055
4695;3,200;30;0,193611579589844;0,103388729986103156;0,195650000000055
4760;1,675;30;0,193672614135742;0,117138285569205552;0,195530000000055
4765;1,575;30;0,198372274169922;0,118188154432042350;0,195230000000054
4785;1,325;30;0,194588132324219;0,122376642230794488;0,196180000000055
4790;1,275;30;0,194984856872559;0,123421028748700770;0,196550000000056
4795;1,225;30;0,195351064147949;0,124464325661278449;0,196880000000056
4805;1,125;30;0,195961409606934;0,126547659748132701;0,197400000000057
4815;1,025;30;0,196419168701172;0,128626662575965778;0,197710000000057
4825;0,925;30;0,196632789611816;0,130701352116826153;0,197790000000057
4850;0,725;30;0,197639859619141;0,135869322275268711;0,198390000000058
4860;0,675;30;0,198616412353516;0,137929055238279280;0,199270000000059
4875;0,575;30;0,198982619628906;0,141010721775687381;0,199330000000059
4880;0,600;30;0,200264345092773;0,142035837190932684;0,201590000000061
4890;0,550;30;0,200874690551758;0,144082920812657528;0,202080000000061
4925;0,375;30;0,202888830566406;0,151214891949929070;0,202080000000061
4930;0,375;30;0,204048486938477;0,152229605380475613;0,203280000000063
4940;0,350;30;0,203804348754883;0,154255948525708009;0,204170000000063
4945;0,350;30;0,204964005126953;0,155267582400552301;0,205360000000065
4960;0,300;30;0,208504008789062;0,158296358062712972;0,205590000000065
4970;0,275;30;0,207893663330078;0,160310457434414216;0,206080000000065
4975;0,275;30;0,208992285156250;0,161315987936432953;0,207230000000066
5000;0,225;30;0,211433666992187;0,166328529759977223;0,208780000000068
5025;0,200;30;0,213142634277344;0,171316071271016307;0,211970000000071
5030;0,200;30;0,214241256103516;0,172310601437524691;0,213070000000072
5035;0,200;30;0,215339877929688;0,173304143496402469;0,214170000000073
5040;0,200;30;0,216438499755859;0,174296699409154099;0,215270000000075
5045;0,200;30;0,217537121582031;0,175288271131449125;0,216370000000076
5075;0,150;30;0,219368157958984;0,181217142253727870;0,217080000000076
5080;0,150;30;0,220466779785156;0,182201878916267351;0,218140000000077
5085;0,150;30;0,221443332519531;0,183185646826400123;0,219210000000078
5105;0,125;30;0,225837819824219;0,187111068942505704;0,219850000000079
5110;0,125;30;0,226814372558594;0,188090021541489905;0,220890000000080
5115;0,125;30;0,227790925292969;0,189068016729466631;0,221930000000081
5120;0,125;30;0,229011616210938;0,190045056377293242;0,222960000000082
5130;0,125;30;0,230964721679688;0,191996276508554997;0,225030000000084
5135;0,125;30;0,232185412597656;0,192970460706398367;0,226060000000085
5140;0,125;30;0,233161965332031;0,193943696792950565;0,227090000000086
5145;0,125;30;0,234138518066406;0,194915986611889747;0,228120000000087
5150;0,125;30;0,235237139892578;0,195887332001521586;0,229150000000088
5200;0,075;30;0,239265419921875;0,205549242913258490;0,229360000000089
5210;0,075;30;0,241218525390625;0,207470473091152352;0,231310000000091
5220;0,075;30;0,243415769042969;0,209388019220424160;0,233260000000093
5225;0,075;30;0,244392321777344;0,210345415176751510;0,234230000000093
5230;0,075;30;0,245368874511719;0,211301895402708328;0,235200000000094
5240;0,075;30;0,247321979980469;0,213212115658827583;0,237130000000096
5250;0,075;30;0,249275085449219;0,215118693929409188;0,239070000000098
5260;0,075;30;0,251472329101562;0,217021644075495457;0,240990000000100
5270;0,075;30;0,253425434570313;0,218920979879147937;0,242910000000102
5275;0,075;30;0,254401987304688;0,219869296688007171;0,243870000000103
5300;0,075;30;0,259284750976563;0,224597437883953116;0,248650000000108
5350;0,075;30;0,269050278320312;0,233987178233792142;0,258100000000117
5400;0,050;30;0,269294416503906;0,243289570896105645;0,259240000000118
5425;0,050;30;0,273933041992187;0,247908516752400193;0,263750000000123
5450;0,050;30;0,278571667480469;0,252506226001029621;0,268230000000127
5475;0,050;30;0,283210292968750;0,257082893028441450;0,272680000000132
5500;0,050;30;0,287604780273437;0,261638709564302130;0,277100000000136
5550;0,050;30;0,296882031250000;0,270688545084220078;0,285870000000145
5600;0,050;30;0,305671005859375;0,279657215066980436;0,294540000000154
5700;0,050;30;0,323248955078125;0,297356792166381334;0,311580000000171
5900;0,075;30;0,368902795410156;0,331842968237550606;0,354960000000214
6000;0,050;30;0,373541420898437;0,348650086553931815;0,360500000000220
6200;0,025;30;0,384771777343750;0,381439909376922792;0,373520000000233
6300;0,100;30;0,434087690429688;0,397440250723363919;0,427550000000287
3100;1143,700;66;0,467549880218506;-0,311707271183022494;0,405470000000265
3150;1095,450;66;0,434171612930298;-0,295706929836581367;0,401520000000261
3300;952,500;66;0,410322364120483;-0,249186914201688592;0,388500000000248
3575;696,250;66;0,366362232437134;-0,169144206528152125;0,349530000000209
3600;674,150;66;0,357245197143555;-0,162175537212058768;0,347310000000207
3650;629,250;66;0,348265489578247;-0,148382215079722990;0,339580000000199
3700;584,650;66;0,338663992576599;-0,134776563023944362;0,331050000000190
3720;567,800;66;0,341681387939453;-0,129385714389067957;0,329480000000189
3750;542,900;66;0,333716379699707;-0,121353542691803692;0,327280000000187
3800;499,850;66;0,327395489540100;-0,108108315941783079;0,318700000000178
3830;475,250;66;0,328478852729797;-0,100244579481568549;0,315170000000174
3850;459,700;66;0,318869726409912;-0,095036234374430192;0,314010000000173
3900;418,650;66;0,309733617820740;-0,082132829538522328;0,305560000000165
3950;377,950;66;0,303210550727844;-0,069393803761092582;0,295900000000155
3985;353,950;66;0,298405987567902;-0,060572070431944736;0,295320000000155
3995;345,550;66;0,299121236152649;-0,058065803455885107;0,292440000000152
4010;335,750;66;0,295207395896912;-0,054318141355645284;0,292420000000152
4015;331,100;66;0,296611190452576;-0,053072035275398111;0,290180000000149
4020;326,900;66;0,291324072914123;-0,051827480043193409;0,288640000000148
4025;323,150;66;0,294066812820435;-0,050584471803596411;0,287780000000147
4045;308,850;66;0,287703961410522;-0,045627832163668100;0,285200000000144
4060;297,550;66;0,282048729267120;-0,041926409060481840;0,282140000000141
4070;289,800;66;0,279647401351929;-0,039466383219619497;0,279680000000139
4090;275,900;66;0,276656708602905;-0,034564412619412746;0,276870000000136
4110;263,600;66;0,276328647918701;-0,029686354165979891;0,276000000000135
4115;260,100;66;0,275561901435852;-0,028470548545089999;0,275090000000134
4120;256,700;66;0,274768452339172;-0,027256219312688113;0,274310000000134
4130;248,500;66;0,270389223670959;-0,024831975701181747;0,270640000000130
4140;241,900;66;0,268788974170685;-0,022413594836900124;0,269200000000128
4160;230,800;66;0,267829587402344;-0,017594308400951230;0,268980000000128
4165;227,250;66;0,266814888076782;-0,016393107055317133;0,267750000000127
4170;224,050;66;0,265916535854340;-0,015193346863413067;0,266990000000126
4175;219,900;66;0,263866156578064;-0,013995024371304343;0,264870000000124
4185;213,300;66;0,262502415943146;-0,011602678732684509;0,262940000000122
4200;205,100;66;0,261224505138397;-0,008024857384800533;0,262240000000121
4205;199,950;66;0,258052616081238;-0,006835089249211780;0,258560000000118
4215;194,350;66;0,257194317779541;-0,004459791220304380;0,257710000000117
4220;191,500;66;0,256583972320557;-0,003274254626202723;0,257170000000116
4225;188,300;66;0,255527311744690;-0,002090121864985992;0,256110000000115
4230;185,600;66;0,254581276283264;-0,000907389615936562;0,255730000000115
4235;182,700;66;0,254438226566315;0,000273945429894551;0,255030000000114
4240;179,600;66;0,253574206275940;0,001453886569743229;0,254020000000113
4245;176,100;66;0,251849980354309;0,002632437089187472;0,252430000000112
4250;173,450;66;0,251479958419800;0,003809600262202293;0,252000000000111
4255;170,200;66;0,250114310455322;0,004985379351214288;0,250690000000110
4260;167,850;66;0,249961724090576;0,006159777607155883;0,250610000000110
4265;164,500;66;0,248535041580200;0,007332798269519269;0,249110000000108
4270;161,850;66;0,247489824981689;0,008504444566410013;0,248550000000108
4280;156,200;66;0,246280578041077;0,010843626919582247;0,246850000000106
4285;153,350;66;0,244867246837616;0,012011169375619935;0,245920000000105
4290;150,000;66;0,243560726089478;0,013177350265802424;0,244260000000104
4295;147,800;66;0,243053376426697;0,014342172762095514;0,244170000000103
4300;143,850;66;0,240985831184387;0,015505640025393558;0,241610000000101
4310;139,000;66;0,239950151233673;0,017828521441533237;0,240640000000100
4315;136,800;66;0,240150420837402;0,018987941861268082;0,240420000000100
4320;133,300;66;0,237667077751160;0,020146019581895758;0,238340000000098
4325;131,000;66;0,237243650588989;0,021302757709719455;0,237920000000097
4330;128,600;66;0,236646656436920;0,022458159340275289;0,237320000000097
4335;125,800;66;0,235454575462341;0,023612227558381986;0,236120000000095
4345;121,100;66;0,234233884544373;0,025916376043232169;0,234900000000094
4350;118,450;66;0,232791943397522;0,027066462426469533;0,233800000000093
4355;115,450;66;0,231454905376434;0,028215227630342923;0,232170000000091
4365;110,600;66;0,229805065307617;0,030508806617442329;0,230440000000090
4370;108,250;66;0,229070743427277;0,031653626433375583;0,229630000000089
4375;106,050;66;0,228298274955750;0,032797137135454554;0,229000000000088
4380;103,350;66;0,226913553695679;0,033939341714231561;0,227600000000087
4385;100,900;66;0,225917927665710;0,035080243150023158;0,226530000000086
4390;99,200;66;0,225614662265778;0,036219844412956781;0,226510000000086
4395;96,850;66;0,225132107887268;0,037358148463017118;0,225510000000085
4400;94,500;66;0,223728313331604;0,038495158250092275;0,224470000000084
4405;92,850;66;0,223465101852417;0,039630876714019624;0,224420000000084
4410;89,150;66;0,220638439445496;0,040765306784631417;0,221280000000081
4420;85,050;66;0,219162166366577;0,043030313415483544;0,219790000000079
4430;81,750;66;0,218437381134033;0,045290201382921058;0,219360000000079
4435;80,050;66;0,217945290107727;0,046418233087419596;0,219020000000078
4440;77,700;66;0,216644491348267;0,047544993770010174;0,217630000000077
4445;75,650;66;0,215606904067993;0,048670486291744683;0,216660000000076
4450;73,250;66;0,214523540878296;0,049794713504025839;0,215100000000074
4455;71,750;66;0,214493023605347;0,050917678248649623;0,214910000000074
4460;69,550;66;0,213005306549072;0,052039383357849689;0,213560000000073
4470;66,500;66;0,211956275291443;0,054279025951354455;0,212900000000072
4475;64,550;66;0,210964463920593;0,055396969052695678;0,211820000000071
4480;63,050;66;0,210418967666626;0,056513663752770775;0,211430000000071
4485;61,350;66;0,209663665161133;0,057629112836636423;0,210670000000070
4490;58,800;66;0,207866960716247;0,058743319080039907;0,208440000000068
4500;55,650;66;0,206619567184448;0,060968014102151052;0,207090000000066
4505;54,200;66;0,206016851043701;0,062078508386178212;0,206560000000066
4510;52,150;66;0,204326957054138;0,063187770840463953;0,204940000000064
4515;51,050;66;0,204326957054138;0,064295804194825723;0,204930000000064
4520;49,700;66;0,203941676483154;0,065402611170016792;0,204440000000064
4525;48,050;66;0,202795371417999;0,066508194477766416;0,203370000000063
4530;46,300;66;0,201591846466064;0,067612556820819625;0,202060000000061
4535;45,000;66;0,200880412540436;0,068715700892976891;0,201520000000061
4550;41,400;66;0,199779883384705;0,072017850288736016;0,200200000000059
4560;38,600;66;0,197529234504700;0,074213240852171680;0,198310000000058
4565;37,400;66;0,196907445068359;0,075309131372808757;0,197670000000057
4570;36,300;66;0,196438241996765;0,076403822231990284;0,197190000000056
4575;35,400;66;0,196327616882324;0,077497316053361590;0,197080000000056
4585;33,200;66;0,195167960510254;0,079680723034305123;0,195890000000055
4595;31,150;66;0,194019748115540;0,081859373133527327;0,194830000000054
4610;28,700;66;0,193382700042725;0,085118474334434105;0,194280000000054
4620;27,000;66;0,192676988105774;0,087285322419524428;0,193560000000053
4625;26,200;66;0,192379444694519;0,088366988290265458;0,193250000000052
4630;25,400;66;0,192036125373840;0,089447485424019646;0,192900000000052
4635;24,700;66;0,191891168327332;0,090526816343695415;0,192750000000052
4640;23,250;66;0,189976209449768;0,091604983564040843;0,190680000000050
4645;22,400;66;0,189220906944275;0,092681989591678782;0,190040000000049
4655;21,150;66;0,189106467170715;0,094832528054907328;0,189780000000049
4665;19,750;66;0,188301574096680;0,096978451625184078;0,188950000000048
4675;18,550;66;0,187866702957153;0,099119780066527260;0,188490000000048
4680;17,750;66;0,187016033973694;0,100188727255432306;0,187610000000047
4690;16,700;66;0,186600236129761;0,102323199784064928;0,187320000000047
4700;15,550;66;0,186020407943726;0,104453126041889832;0,186560000000046
4725;13,300;66;0,185272734756470;0,109758178271582990;0,185900000000045
4735;12,400;66;0,184753941116333;0,111872343963918486;0,185360000000045
4745;11,600;66;0,184433509750366;0,113982049387768097;0,185000000000044
4760;10,400;66;0,183632431335449;0,117138285569205552;0,184150000000043
4765;10,050;66;0,183281482696533;0,118188154432042350;0,183980000000043
4785;8,900;66;0,183548508834839;0,122376642230794488;0,183980000000043
4795;8,250;66;0,182808464965820;0,124464325661278449;0,183420000000043
4805;7,750;66;0,182823723602295;0,126547659748132701;0,183410000000043
4815;7,200;66;0,182701654510498;0,128626662575965778;0,183000000000042
4900;4,050;66;0,182060791778564;0,146125822442457809;0,182240000000041
4930;3,400;66;0,182610102691650;0,152229605380475613;0,183080000000042
4950;2,975;66;0,183022085876465;0,156278193906475793;0,183160000000042
4960;2,800;66;0,183052603149414;0,158296358062712972;0,183400000000043
4970;2,625;66;0,183495103607178;0,160310457434414216;0,183520000000043
4990;2,300;66;0,183540879516602;0,164326527089304147;0,183710000000043
5000;2,225;66;0,184242776794434;0,166328529759977223;0,184700000000044
5010;2,075;66;0,184303811340332;0,168326532422650277;0,184700000000044
5025;1,850;66;0,184486914978027;0,171316071271016307;0,184470000000044
5030;1,800;66;0,184731053161621;0,172310601437524691;0,184670000000044
5050;1,575;66;0,185463467712402;0,176278860613145294;0,184900000000044
5060;1,500;66;0,185707605895996;0,178257100625251019;0,185460000000045
5075;1,350;66;0,185890709533691;0,181217142253727870;0,185520000000045
5100;1,175;66;0,187538642272949;0,186131157056156932;0,186510000000046
5110;1,100;66;0,187325021362305;0,188090021541489905;0,186670000000046
5140;0,925;66;0,188087953186035;0,193943696792950565;0,187700000000047
5150;0,925;66;0,189705368652344;0,195887332001521586;0,189330000000049
5175;0,775;66;0,190071575927734;0,200729956477309596;0,189450000000049
5180;0,750;66;0,190865025024414;0,201695673597268504;0,189530000000049
5200;0,650;66;0,191292266845703;0,205549242913258490;0,189620000000049
5220;0,600;66;0,192879165039062;0,209388019220424160;0,191030000000050
5240;0,550;66;0,194405028686523;0,213212115658827583;0,192280000000052
5250;0,525;66;0,194221925048828;0,215118693929409188;0,192840000000052
5260;0,500;66;0,195686754150391;0,217021644075495457;0,193340000000053
5275;0,450;66;0,194160890502930;0,219869296688007171;0,193450000000053
5300;0,400;66;0,195686754150391;0,224597437883953116;0,194770000000054
5325;0,350;66;0,196907445068359;0,229303328921365762;0,195770000000055
5350;0,325;66;0,200508483276367;0,233987178233792142;0,197890000000057
5375;0,300;66;0,204048486938477;0,238649191339603439;0,199850000000059
5400;0,250;66;0,201790208740234;0,243289570896105645;0,199860000000059
5425;0,225;66;0,205208143310547;0,247908516752400193;0,201300000000061
5450;0,200;66;0,205086074218750;0,252506226001029621;0,202480000000062
5500;0,175;66;0,211799874267578;0,261638709564302130;0,206610000000066
5600;0,125;66;0,220344710693359;0,279657215066980436;0,213260000000073
5700;0,100;66;0,232917827148438;0,297356792166381334;0,221440000000081
5750;0,100;66;0,239021281738281;0,306090472135135960;0,227340000000087
5800;0,075;66;0,239265419921875;0,314748534878250497;0,228050000000087
6000;0,075;66;0,262458547363281;0,348650086553931815;0,250360000000110
6100;0,050;66;0,265144067382812;0,365179388505142533;0,253590000000113
6200;0,050;66;0,275642009277344;0,381439909376922792;0,263920000000123
6300;0,075;66;0,295417202148437;0,397440250723363919;0,282130000000141
6400;0,050;66;0,296393754882812;0,413188607691503063;0,283980000000143
6500;0,075;66;0,316413085937500;0,428692794227468310;0,302300000000162
6700;0,050;66;0,326178613281250;0,458998143722797236;0,312690000000172
7000;0,025;66;0,337408969726563;0,502800766381190201;0,324900000000184
7300;0,050;66;0,380865566406250;0,544764965480222352;0,365790000000225
2925;1319,600;94;0,459264440612793;-0,369814901990303313;0,398730000000258
3000;1247,200;94;0,444906063690186;-0,344497094006013471;0,393020000000252
3200;1056,500;94;0,409948527526855;-0,279958572868442224;0,374040000000233
3350;916,650;94;0,377417114562988;-0,234149036837148078;0,358270000000218
3400;872,150;94;0,373411722488403;-0,219333951052007453;0,356510000000216
3500;780,650;94;0,356116058044434;-0,190346414178755058;0,342020000000201
3600;692,250;94;0,340975676002503;-0,162175537212058768;0,330040000000189
3675;627,300;94;0,328429262161255;-0,141556250009323120;0,320430000000180
3690;614,400;94;0,325968807029724;-0,137482924621687319;0,318340000000178
3725;585,050;94;0,321089858016968;-0,128042530842600311;0,314310000000174
3750;565,300;94;0,319594511642456;-0,121353542691803692;0,313040000000172
3760;557,450;94;0,318846838455200;-0,118690425272320002;0,312490000000172
3770;549,000;94;0,317074929294586;-0,116034381214203758;0,310890000000170
3775;544,750;94;0,316252870254517;-0,114708999973135134;0,310030000000169
3800;525,550;94;0,314589678878784;-0,108108315941783079;0,308780000000168
3825;503,300;94;0,307696589851379;-0,101550915395624011;0,302430000000162
3870;468,300;94;0,301070526962280;-0,089854875632432621;0,297890000000157
3890;453,450;94;0,301162078781128;-0,084700225043768146;0,296470000000156
3900;446,000;94;0,300170267410278;-0,082132829538522328;0,295620000000155
3905;441,650;94;0,298745492229462;-0,080851599382473785;0,294290000000154
3920;431,300;94;0,298274381828308;-0,077017728871751900;0,293990000000153
3925;426,700;94;0,294745822143555;-0,075743031439751321;0,292260000000152
3950;408,550;94;0,294139291343689;-0,069393803761092582;0,290090000000149
3960;400,500;94;0,291980194282532;-0,066865357407733916;0,288040000000147
3975;389,450;94;0,292130873317718;-0,063084634567827869;0,286230000000145
4000;370,800;94;0,283107297172546;-0,056815021554232480;0,282580000000142
4020;357,950;94;0,285377019348145;-0,051827480043193409;0,282040000000141
4025;353,100;94;0,283029096660614;-0,050584471803596411;0,279760000000139
4050;335,000;94;0,276321018600464;-0,044392501555675340;0,276010000000135
4060;328,200;94;0,275365446491242;-0,041926409060481840;0,274950000000134
4075;318,850;94;0,274594885349274;-0,038238635981297092;0,274270000000134
4080;315,500;94;0,276547990818024;-0,037012394258052791;0,273710000000133
4090;307,650;94;0,271453513565064;-0,034564412619412746;0,271140000000130
4110;295,300;94;0,272525432777405;-0,029686354165979891;0,269890000000129
4120;288,850;94;0,268361732349396;-0,027256219312688113;0,268810000000128
4125;285,400;94;0,268180536041260;-0,026043362887478827;0,267980000000127
4130;281,350;94;0,266544047279358;-0,024831975701181747;0,266400000000126
4140;275,100;94;0,267879177970886;-0,022413594836900124;0,265420000000125
4145;272,300;94;0,264880855903625;-0,021206594086864844;0,265290000000125
4150;268,850;94;0,263892859191895;-0,020001048431516212;0,264360000000124
4160;261,700;94;0,261626951675415;-0,017594308400951230;0,262160000000121
4165;258,450;94;0,261531585197449;-0,016393107055317133;0,261420000000121
4170;254,500;94;0,260001906890869;-0,015193346863413067;0,259830000000119
4180;249,100;94;0,259593738365173;-0,012798136137458204;0,259550000000119
4185;245,500;94;0,257774145965576;-0,011602678732684509;0,258320000000118
4190;242,700;94;0,258048801422119;-0,010408648740076789;0,258010000000117
4195;239,450;94;0,257249630336761;-0,009216042754953654;0,257160000000116
4200;236,950;94;0,256662172832489;-0,008024857384800533;0,257160000000116
4205;234,400;94;0,256757539310455;-0,006835089249211780;0,257090000000116
4210;229,950;94;0,254381006679535;-0,005646734979833108;0,254760000000114
4215;226,400;94;0,253501727752686;-0,004459791220304380;0,253480000000113
4220;223,650;94;0,252605282859802;-0,003274254626202723;0,253110000000112
4225;221,000;94;0,252851328372955;-0,002090121864985992;0,252830000000112
4230;217,650;94;0,251098492507935;-0,000907389615936562;0,251720000000111
4235;214,700;94;0,251069882564545;0,000273945429894551;0,251050000000110
4245;208,950;94;0,249790064430237;0,002632437089187472;0,249840000000109
4250;206,000;94;0,249118684425354;0,003809600262202293;0,249110000000108
4255;203,000;94;0,248309976692200;0,004985379351214288;0,248300000000108
4260;199,350;94;0,246667765941620;0,006159777607155883;0,246710000000106
4265;196,750;94;0,246280578041077;0,007332798269519269;0,246330000000106
4270;193,100;94;0,244480058937073;0,008504444566410013;0,244700000000104
4275;190,350;94;0,243934562683105;0,009674719714600365;0,244100000000103
4280;187,100;94;0,242671910514832;0,010843626919582247;0,242890000000102
4290;182,150;94;0,242052028408051;0,013177350265802424;0,242220000000101
4295;179,200;94;0,241069753684998;0,014342172762095514;0,241290000000101
4305;173,900;94;0,239852877426147;0,016667755205570942;0,240070000000099
4315;168,050;94;0,237495418090820;0,018987941861268082;0,238120000000097
4320;165,600;94;0,237447734851837;0,020146019581895758;0,237670000000097
4325;163,300;94;0,236795428142548;0,021302757709719455;0,237370000000097
4330;159,600;94;0,235181827335358;0,022458159340275289;0,235400000000095
4335;157,200;94;0,234363582954407;0,023612227558381986;0,234930000000094
4340;154,400;94;0,233757052154541;0,024764965438190300;0,233970000000093
4345;152,300;94;0,233242073173523;0,025916376043232169;0,233810000000093
4350;150,050;94;0,232822460670471;0,027066462426469533;0,233450000000093
4355;147,050;94;0,231672340946197;0,028215227630342923;0,232180000000091
4360;144,800;94;0,231205045204163;0,029362674686819756;0,231770000000091
4365;142,000;94;0,230119774684906;0,030508806617442329;0,230690000000090
4370;138,800;94;0,228534783821106;0,031653626433375583;0,229100000000088
4380;134,200;94;0,227542972450256;0,033939341714231561;0,227980000000087
4385;131,900;94;0,226951700286865;0,035080243150023158;0,227390000000087
4390;128,950;94;0,225494500503540;0,036219844412956781;0,225990000000085
4395;126,900;94;0,225090146636963;0,037358148463017118;0,225640000000085
4400;123,950;94;0,223936212253571;0,038495158250092275;0,224190000000083
4405;121,650;94;0,223238129634857;0,039630876714019624;0,223480000000083
4410;119,300;94;0,222513344402313;0,040765306784631417;0,222700000000082
4415;116,750;94;0,221031349334717;0,041898451381800129;0,221640000000081
4420;114,800;94;0,220737620582581;0,043030313415483544;0,221280000000081
4425;112,700;94;0,220176865692139;0,044160895785769629;0,220720000000080
4430;110,400;94;0,219341455345154;0,045290201382921058;0,219880000000079
4435;107,300;94;0,217733576526642;0,046418233087419596;0,218020000000077
4440;105,250;94;0,217210968227386;0,047544993770010174;0,217430000000077
4450;100,900;94;0,215580201454163;0,049794713504025839;0,215860000000075
4455;98,750;94;0,214847786903381;0,050917678248649623;0,215060000000074
4460;97,050;94;0,214212646160126;0,052039383357849689;0,214800000000074
4465;94,850;94;0,213676686553955;0,053159831654339358;0,213880000000073
4470;92,900;94;0,212726836433411;0,054279025951354455;0,213240000000072
4475;90,850;94;0,211874260120392;0,055396969052695678;0,212450000000072
4480;88,050;94;0,210470465564728;0,056513663752770775;0,210650000000070
4490;84,750;94;0,209778104934692;0,058743319080039907;0,209950000000069
4495;82,850;94;0,208666131801605;0,059856285249460579;0,209230000000068
4500;81,250;94;0,208315183162689;0,060968014102151052;0,208880000000068
4505;79,500;94;0,207802111511230;0,062078508386178212;0,208300000000068
4510;77,650;94;0,206993403778076;0,063187770840463953;0,207550000000067
4515;75,800;94;0,206283877182007;0,064295804194825723;0,206770000000066
4520;73,900;94;0,205408412914276;0,065402611170016792;0,205890000000065
4525;71,750;94;0,204494802055359;0,066508194477766416;0,204620000000064
4535;68,250;94;0,202843054656982;0,068715700892976891;0,203090000000062
4540;66,850;94;0,202244153175354;0,069817629379133578;0,202770000000062
4545;65,050;94;0,201614734420776;0,070918344955319124;0,201850000000061
4560;60,650;94;0,199814215316772;0,074213240852171680;0,200330000000060
4570;57,850;94;0,198845291900635;0,076403822231990284;0,199350000000059
4575;56,400;94;0,198162467918396;0,077497316053361590;0,198740000000058
4580;55,150;94;0,197899256439209;0,078589615451970546;0,198400000000058
4590;52,400;94;0,196674750862122;0,080770641398330748;0,197240000000056
4600;48,850;94;0,194357345447540;0,082946920820926265;0,194670000000054
4610;46,150;94;0,192978346176147;0,085118474334434105;0,193280000000053
4620;44,300;94;0,192772354583740;0,087285322419524428;0,193140000000052
4625;43,100;94;0,192043754692078;0,088366988290265458;0,192580000000052
4630;42,050;94;0,191784357872009;0,089447485424019646;0,192230000000051
4640;40,050;94;0,191177827072144;0,091604983564040843;0,191610000000051
4650;37,850;94;0,190098278541565;0,093757836925141877;0,190520000000050
4660;35,850;94;0,189232350921631;0,095906065463431445;0,189640000000049
4670;33,850;94;0,188229095573425;0,098049689006682872;0,188620000000048
4675;32,650;94;0,187481422386169;0,099119780066527260;0,187680000000047
4680;31,900;94;0,187077068519592;0,100188727255432306;0,187550000000047
4690;29,950;94;0,185967002716064;0,102323199784064928;0,186330000000046
4700;28,150;94;0,184906527481079;0,104453126041889832;0,185250000000044
4710;26,650;94;0,184311440658569;0,106578525354203299;0,184640000000044
4720;25,450;94;0,184238962135315;0,108699416923340925;0,184550000000044
4725;24,650;94;0,183727797813416;0,109758178271582990;0,184030000000043
4730;23,800;94;0,182957236671448;0,110815819829718512;0,183360000000043
4740;22,500;94;0,182415555076599;0,112927753032862038;0,182800000000042
4750;21,450;94;0,182457516326904;0,115035235372426756;0,182720000000042
4760;20,300;94;0,181915834732056;0,117138285569205552;0,182280000000042
4770;19,300;94;0,181747989730835;0,119236922226126751;0,182100000000041
4775;18,700;94;0,181374153137207;0,120284591258570481;0,181710000000041
4790;17,400;94;0,181358894500732;0,123421028748700770;0,181680000000041
4800;16,400;94;0,180862988815308;0,125506535239722133;0,181160000000040
4810;15,450;94;0,180237384719849;0,127587701443546697;0,180660000000040
4820;14,650;94;0,180061910400391;0,129664545388385843;0,180470000000040
4830;13,600;94;0,179169280166626;0,131737084990358216;0,179400000000039
4870;11,000;94;0,178848848800659;0,139984554420375301;0,179000000000038
4875;10,700;94;0,178787814254761;0,141010721775687381;0,178920000000038
4880;10,400;94;0,178696262435913;0,142035837190932684;0,178820000000038
4890;9,850;94;0,178436865615845;0,144082920812657528;0,178720000000038
4925;8,050;94;0,177872296066284;0,151214891949929070;0,178070000000037
4980;5,950;94;0,177857037429810;0,162320508362438415;0,177920000000037
4990;5,650;94;0,177994365158081;0,164326527089304147;0,178020000000037
5025;4,750;94;0,178742038345337;0,171316071271016307;0,178670000000038
5050;4,200;94;0,178993805847168;0,176278860613145294;0,179180000000038
5060;4,000;94;0,179237944030762;0,178257100625251019;0,179400000000039
5080;3,650;94;0,180290789947510;0,182201878916267351;0,180020000000039
5125;2,850;94;0,180336565856934;0,191021142350348699;0,180290000000040
5160;2,425;94;0,181786136322021;0,197827196819348183;0,181370000000041
5175;2,275;94;0,182442257690430;0,200729956477309596;0,181970000000041
5200;2,050;94;0,183296741333008;0,205549242913258490;0,183010000000042
5225;1,825;94;0,184456397705078;0,210345415176751510;0,183740000000043
5250;1,650;94;0,185341398620605;0,215118693929409188;0,184830000000044
5260;1,600;94;0,186043295898437;0,217021644075495457;0,185490000000045
5300;1,300;94;0,186897779541016;0,224597437883953116;0,186120000000045
5350;1,075;94;0,189033988647461;0,233987178233792142;0,188470000000048
5375;0,950;94;0,190254679565430;0,238649191339603439;0,188990000000048
5400;0,875;94;0,192360371398926;0,243289570896105645;0,190390000000050
5425;0,800;94;0,193184337768555;0,247908516752400193;0,191620000000051
5450;0,700;94;0,193733648681641;0,252506226001029621;0,191900000000051
5500;0,575;94;0,195442615966797;0,261638709564302130;0,193900000000053
5550;0,500;94;0,199715034179688;0,270688545084220078;0,196970000000056
5600;0,425;94;0,201729174194336;0,279657215066980436;0,199490000000059
5650;0,350;94;0,202888830566406;0,288546162484226487;0,201310000000061
5750;0,275;94;0,211128494262695;0,306090472135135960;0,207520000000067
5800;0,225;94;0,213386772460938;0,314748534878250497;0,209010000000068
5900;0,175;94;0,220100572509766;0,331842968237550606;0,214520000000074
6000;0,175;94;0,230110238037109;0,348650086553931815;0,224300000000084
6200;0,100;94;0,244636459960938;0,381439909376922792;0,232690000000092
6300;0,100;94;0,253913710937500;0,397440250723363919;0,241540000000101
6500;0,100;94;0,265632343750000;0,428692794227468310;0,258750000000118
6600;0,100;94;0,274177180175781;0,443960266358256750;0,267110000000126
6700;0,075;94;0,282477878417969;0,458998143722797236;0,269590000000129
7300;0,050;94;0,319831020507812;0,544764965480222352;0,306510000000166
3500;806,650;136;0,338755544395447;-0,190346414178755058;0,330960000000190
3675;659,500;136;0,318015242767334;-0,141556250009323120;0,312810000000172
3750;600,850;136;0,311904158859253;-0,121353542691803692;0,307280000000167
3775;580,150;136;0,308051353149414;-0,114708999973135134;0,303440000000163
3850;522,550;136;0,299830762748718;-0,095036234374430192;0,295960000000155
3900;483,850;136;0,292983449630737;-0,082132829538522328;0,289320000000149
3920;469,950;136;0,291390829448700;-0,077017728871751900;0,288140000000147
3930;463,150;136;0,291291648311615;-0,074469956792953207;0,287640000000147
3940;455,850;136;0,290154879894257;-0,071928659364280639;0,286540000000146
3950;448,250;136;0,288321936187744;-0,069393803761092582;0,285060000000144
3970;433,800;136;0,285945403556824;-0,064343287975024047;0,282800000000142
3980;427,100;136;0,285277838211060;-0,061827563377776756;0,282170000000141
4000;412,400;136;0,282420658531189;-0,056815021554232480;0,279370000000139
4010;405,350;136;0,281192338294983;-0,054318141355645284;0,278220000000137
4020;398,350;136;0,280021237945557;-0,051827480043193409;0,277070000000136
4025;395,000;136;0,279418521804810;-0,050584471803596411;0,276640000000136
4030;391,150;136;0,278806269016266;-0,049343006715531497;0,275670000000135
4040;384,200;136;0,277646612644195;-0,046864690701064408;0,274490000000134
4050;378,100;136;0,275825112915039;-0,044392501555675340;0,274130000000133
4070;363,750;136;0,273789992275238;-0,039466383219619497;0,271060000000130
4075;360,300;136;0,273173924827576;-0,038238635981297092;0,270400000000130
4080;357,150;136;0,272647501869202;-0,037012394258052791;0,270040000000129
4100;344,150;136;0,270618103218079;-0,032122408963861010;0,268050000000127
4110;337,600;136;0,267127690124512;-0,029686354165979891;0,266930000000126
4120;331,350;136;0,266097732162476;-0,027256219312688113;0,266060000000125
4125;328,100;136;0,265660953693390;-0,026043362887478827;0,265470000000125
4130;324,450;136;0,264518463287353;-0,024831975701181747;0,264480000000124
4140;317,150;136;0,264970500392914;-0,022413594836900124;0,262460000000122
4160;304,150;136;0,260082014732361;-0,017594308400951230;0,259870000000119
4170;298,400;136;0,259288565635681;-0,015193346863413067;0,259230000000118
4175;294,700;136;0,260585549736023;-0,013995024371304343;0,258080000000117
4180;291,350;136;0,257459436588287;-0,012798136137458204;0,257260000000117
4190;285,850;136;0,259391561431885;-0,010408648740076789;0,256760000000116
4200;278,750;136;0,256576343002319;-0,008024857384800533;0,254630000000114
4210;273,350;136;0,254201717700958;-0,005646734979833108;0,254120000000113
4220;267,250;136;0,252940972862244;-0,003274254626202723;0,252860000000112
4225;264,500;136;0,252532804336548;-0,002090121864985992;0,252500000000112
4230;261,200;136;0,251624915466309;-0,000907389615936562;0,251600000000111
4240;254,300;136;0,251609656829834;0,001453886569743229;0,249450000000109
4250;248,900;136;0,248729589195251;0,003809600262202293;0,248710000000108
4260;243,200;136;0,247632874698639;0,006159777607155883;0,247610000000107
4270;236,400;136;0,245412743091583;0,008504444566410013;0,245400000000105
4280;231,200;136;0,244779509677887;0,010843626919582247;0,244670000000104
4290;224,400;136;0,242345757160187;0,013177350265802424;0,242330000000102
4300;219,300;136;0,241592361984253;0,015505640025393558;0,241580000000101
4310;213,650;136;0,240196196746826;0,017828521441533237;0,240240000000099
4320;207,900;136;0,238738996963501;0,020146019581895758;0,238730000000098
4325;205,600;136;0,238521561393738;0,021302757709719455;0,238510000000098
4330;202,750;136;0,237705224342346;0,022458159340275289;0,237750000000097
4340;196,700;136;0,235830319385529;0,024764965438190300;0,235820000000095
4350;190,700;136;0,233791384086609;0,027066462426469533;0,233880000000093
4360;186,200;136;0,233245887832642;0,029362674686819756;0,233340000000093
4370;180,650;136;0,231853537254333;0,031653626433375583;0,231700000000091
4375;178,500;136;0,231573159809113;0,032797137135454554;0,231470000000091
4380;175,650;136;0,230493611278534;0,033939341714231561;0,230530000000090
4390;169,250;136;0,227882477111816;0,036219844412956781;0,227920000000087
4400;164,250;136;0,226577863693237;0,038495158250092275;0,226610000000086
4410;159,800;136;0,225696677436829;0,040765306784631417;0,225780000000085
4420;154,050;136;0,223552839012146;0,043030313415483544;0,223590000000083
4430;149,850;136;0,222730779972076;0,045290201382921058;0,222860000000082
4440;145,250;136;0,221536791667938;0,047544993770010174;0,221670000000081
4450;139,650;136;0,220876855640411;0,049794713504025839;0,219380000000079
4460;135,550;136;0,218622392101288;0,052039383357849689;0,218540000000078
4470;130,650;136;0,216688359928131;0,054279025951354455;0,216810000000076
4475;127,950;136;0,215536332874298;0,055396969052695678;0,215650000000075
4480;126,350;136;0,215494371623993;0,056513663752770775;0,215610000000075
4490;122,400;136;0,214843972244263;0,058743319080039907;0,214700000000074
4500;117,550;136;0,212658172569275;0,060968014102151052;0,212770000000072
4510;113,350;136;0,211326856536865;0,063187770840463953;0,211430000000071
4520;108,750;136;0,209482468852997;0,065402611170016792;0,209580000000069
4525;107,000;136;0,209060949020386;0,066508194477766416;0,209210000000068
4530;104,600;136;0,207975678501129;0,067612556820819625;0,208120000000067
4540;100,850;136;0,206920925254822;0,069817629379133578;0,207010000000066
4550;97,000;136;0,205564813938141;0,072017850288736016;0,205700000000065
4560;93,200;136;0,204227775917053;0,074213240852171680;0,204360000000064
4570;89,500;136;0,202911718521118;0,076403822231990284;0,203040000000062
4575;88,050;136;0,202617989768982;0,077497316053361590;0,202800000000062
4580;86,000;136;0,201732988853455;0,078589615451970546;0,201850000000061
4590;82,450;136;0,200577147140503;0,080770641398330748;0,200520000000060
4600;79,100;136;0,199213406505585;0,082946920820926265;0,199320000000059
4610;75,850;136;0,197986993598938;0,085118474334434105;0,198150000000057
4620;72,200;136;0,196304728927612;0,087285322419524428;0,196390000000056
4625;70,950;136;0,196028166141510;0,088366988290265458;0,196180000000055
4630;69,400;136;0,195488391876221;0,089447485424019646;0,195570000000055
4640;66,150;136;0,193962528228760;0,091604983564040843;0,194100000000053
4650;63,300;136;0,192829574470520;0,093757836925141877;0,193020000000052
4660;60,850;136;0,192501513786316;0,095906065463431445;0,192360000000052
4670;58,000;136;0,191181641731262;0,098049689006682872;0,191090000000050
4675;56,950;136;0,190811619796753;0,099119780066527260;0,190920000000050
4680;54,800;136;0,190285196838379;0,100188727255432306;0,189250000000048
4690;52,850;136;0,188885216941833;0,102323199784064928;0,188980000000048
4700;50,350;136;0,187786595115662;0,104453126041889832;0,187870000000047
4710;48,200;136;0,187147639713287;0,106578525354203299;0,187150000000046
4720;46,150;136;0,186420947151184;0,108699416923340925;0,186480000000046
4725;45,100;136;0,186094793796539;0,109758178271582990;0,186080000000045
4750;39,900;136;0,183815534973145;0,115035235372426756;0,183760000000043
4775;35,250;136;0,181675511207581;0,120284591258570481;0,181660000000041
4800;31,250;136;0,180077169036865;0,125506535239722133;0,180030000000039
4825;27,500;136;0,178227059364319;0,130701352116826153;0,178230000000037
4850;24,300;136;0,176895743331909;0,135869322275268711;0,176860000000036
4875;21,550;136;0,175808565483093;0,141010721775687381;0,175830000000035
4900;19,200;136;0,175278327865601;0,146125822442457809;0,175160000000034
4950;14,950;136;0,173439662170410;0,156278193906475793;0,173340000000033
5000;11,800;136;0,172836946029663;0,166328529759977223;0,172480000000032
5050;9,200;136;0,172020608978271;0,176278860613145294;0,171490000000031
5100;7,250;136;0,171639143066406;0,186131157056156932;0,171140000000030
5200;4,600;136;0,172142678070068;0,205549242913258490;0,171540000000031
5300;3,025;136;0,174034748992920;0,224597437883953116;0,173200000000032
5400;2,100;136;0,177208545379639;0,243289570896105645;0,176180000000035
5500;1,500;136;0,181160532226562;0,261638709564302130;0,179640000000039
5600;1,150;136;0,186409503173828;0,279657215066980436;0,184380000000044
5700;0,875;136;0,190773473205566;0,297356792166381334;0,188650000000048
5800;0,700;136;0,196968479614258;0,314748534878250497;0,193640000000053
6000;0,500;136;0,206123661499023;0,348650086553931815;0,204920000000064
6400;0,225;136;0,229744030761719;0,413188607691503063;0,221920000000081
6600;0,175;136;0,241706801757813;0,443960266358256750;0,231910000000091
3450;894,000;220;0,330042862968445;-0,204735151630854650;0,320490000000180
3550;813,150;220;0,320742724037170;-0,176161779186798650;0,313050000000172
3575;791,400;220;0,316281480197906;-0,169144206528152125;0,309120000000168
3625;751,550;220;0,311511248970032;-0,155255094367484997;0,304740000000164
3700;692,300;220;0,302607834587097;-0,134776563023944362;0,297480000000157
3750;655,250;220;0,298085556201935;-0,121353542691803692;0,294170000000153
3800;616,050;220;0,292277737693786;-0,108108315941783079;0,288170000000147
3850;581,400;220;0,292203351840973;-0,095036234374430192;0,285590000000145
3900;544,100;220;0,283011930694580;-0,082132829538522328;0,279950000000139
3950;508,200;220;0,277525497217178;-0,069393803761092582;0,274820000000134
4000;475,300;220;0,277158336277008;-0,056815021554232480;0,271450000000131
4025;457,650;220;0,270862241401672;-0,050584471803596411;0,268500000000128
4050;440,750;220;0,268375083656311;-0,044392501555675340;0,265970000000125
4075;424,900;220;0,266416256198883;-0,038238635981297092;0,264090000000123
4100;408,150;220;0,262919167451859;-0,032122408963861010;0,261290000000121
4125;392,250;220;0,260728599452972;-0,026043362887478827;0,258970000000118
4150;376,500;220;0,258180407161713;-0,020001048431516212;0,256560000000116
4175;360,600;220;0,255431945266724;-0,013995024371304343;0,253830000000113
4200;344,600;220;0,252326812744141;-0,008024857384800533;0,250820000000110
4225;329,300;220;0,249706141929626;-0,002090121864985992;0,248140000000107
4250;314,900;220;0,246796510686874;0,003809600262202293;0,245930000000105
4275;299,650;220;0,243822030239105;0,009674719714600365;0,242850000000102
4300;285,550;220;0,241308169879913;0,015505640025393558;0,240420000000100
4325;270,250;220;0,237575525932312;0,021302757709719455;0,236850000000096
4350;256,050;220;0,234367397613525;0,027066462426469533;0,233870000000093
4375;242,550;220;0,231754356117249;0,032797137135454554;0,231180000000090
4400;228,800;220;0,228507127542496;0,038495158250092275;0,228050000000087
4425;216,100;220;0,225922695989609;0,044160895785769629;0,225470000000085
4450;203,300;220;0,222995898780823;0,049794713504025839;0,222540000000082
4475;190,500;220;0,219793492450714;0,055396969052695678;0,219330000000079
4500;178,700;220;0,217089852800369;0,060968014102151052;0,216630000000076
4525;167,000;220;0,214174499568939;0,066508194477766416;0,213700000000073
4550;154,700;220;0,210384635734558;0,072017850288736016;0,209980000000069
4575;144,800;220;0,208391476345062;0,077497316053361590;0,207900000000067
4600;134,100;220;0,205261548538208;0,082946920820926265;0,204840000000064
4625;123,900;220;0,202635155735016;0,088366988290265458;0,201860000000061
4650;114,800;220;0,199928655090332;0,093757836925141877;0,199480000000059
4675;104,950;220;0,196953220977783;0,099119780066527260;0,196080000000055
4700;96,850;220;0,194324920845032;0,104453126041889832;0,193880000000053
4725;88,700;220;0,191694713382721;0,109758178271582990;0,191270000000051
4750;81,300;220;0,189352512683868;0,115035235372426756;0,189000000000048
4775;74,350;220;0,187227747554779;0,120284591258570481;0,186800000000046
4800;67,750;220;0,184923693447113;0,125506535239722133;0,184580000000044
4825;61,400;220;0,182859962863922;0,130701352116826153;0,182210000000041
4850;55,800;220;0,180618850631714;0,135869322275268711;0,180270000000040
4875;50,750;220;0,178894624710083;0,141010721775687381;0,178580000000038
4900;45,700;220;0,176769859580994;0,146125822442457809;0,176480000000036
4925;41,500;220;0,175507207412720;0,151214891949929070;0,175060000000034
4950;37,650;220;0,174149188766480;0,156278193906475793;0,173730000000033
4975;33,850;220;0,172550846595764;0,161315987936432953;0,172090000000031
5000;30,600;220;0,171448410110474;0,166328529759977223;0,170860000000030
5025;27,750;220;0,170460413398743;0,171316071271016307;0,169900000000029
5050;25,050;220;0,169453343391418;0,176278860613145294;0,168840000000028
5075;22,650;220;0,168442458724976;0,181217142253727870;0,167960000000027
5100;20,550;220;0,167828298606873;0,186131157056156932;0,167300000000027
5150;16,950;220;0,166893707122803;0,195887332001521586;0,166250000000025
5200;14,000;220;0,166126960639954;0,205549242913258490;0,165480000000025
5250;11,500;220;0,165207627792358;0,215118693929409188;0,164710000000024
5300;9,500;220;0,164894825744629;0,224597437883953116;0,164280000000024
5400;6,600;220;0,164749868698120;0,243289570896105645;0,164270000000024
5500;4,600;220;0,165840861206055;0,261638709564302130;0,164590000000024
5600;3,400;220;0,167450647354126;0,279657215066980436;0,166450000000026
5700;2,625;220;0,170311641693115;0,297356792166381334;0,169220000000028
5800;2,075;220;0,173714317626953;0,314748534878250497;0,172320000000032
5900;1,600;220;0,177406907653809;0,331842968237550606;0,174720000000034
6000;1,425;220;0,181953981323242;0,348650086553931815;0,179910000000039
6100;1,200;220;0,186501054992676;0,365179388505142533;0,183700000000043
6200;1,050;220;0,191231232299805;0,381439909376922792;0,188060000000047
6400;0,800;220;0,200203310546875;0,413188607691503063;0,196080000000055
6600;0,625;220;0,208381939697266;0,443960266358256750;0,203880000000063
6800;0,475;220;0,216255396118164;0,473813229507937861;0,210500000000070
7000;0,400;220;0,224372990722656;0,502800766381190201;0,218530000000078
7200;0,300;220;0,231269894409180;0,530971643347886491;0,223830000000083
7600;0,175;220;0,246711634521484;0,585038864618162235;0,233860000000093
2900;1411,500;339;0,362711603660583;-0,378398645681694790;0,349040000000208
3000;1323,400;339;0,357168903961182;-0,344497094006013471;0,341110000000200
3200;1150,750;339;0,337313603248596;-0,279958572868442224;0,324520000000184
3250;1109,150;339;0,333130829524994;-0,264454386332476976;0,321010000000180
3400;986,000;339;0,318530221748352;-0,219333951052007453;0,309430000000169
3450;948,300;339;0,316466491165161;-0,204735151630854650;0,307670000000167
3550;869,750;339;0,305918958702087;-0,176161779186798650;0,299910000000159
3750;719,700;339;0,291182930526733;-0,121353542691803692;0,284630000000144
3800;683,250;339;0,286654930152893;-0,108108315941783079;0,280460000000140
3925;595,550;339;0,274278268642425;-0,075743031439751321;0,270420000000130
4000;544,500;339;0,269272482213974;-0,056815021554232480;0,264020000000123
4025;528,400;339;0,265692424631119;-0,050584471803596411;0,262240000000121
4050;511,000;339;0,261947383041382;-0,044392501555675340;0,259490000000119
4075;496,200;339;0,260653259935379;-0,038238635981297092;0,258290000000118
4100;480,800;339;0,263023116912842;-0,032122408963861010;0,256560000000116
4125;463,000;339;0,255325134811401;-0,026043362887478827;0,253190000000112
4150;448,050;339;0,253635240821838;-0,020001048431516212;0,251490000000111
4175;433,050;339;0,251623008136749;-0,013995024371304343;0,249630000000109
4200;417,200;339;0,249042391242981;-0,008024857384800533;0,247090000000106
4225;401,400;339;0,246391203155518;-0,002090121864985992;0,244450000000104
4250;386,300;339;0,243974616603851;0,003809600262202293;0,242110000000101
4275;372,350;339;0,242156931533813;0,009674719714600365;0,240340000000100
4300;358,150;339;0,240011185779572;0,015505640025393558;0,238260000000098
4325;342,850;339;0,237045288314819;0,021302757709719455;0,235360000000095
4350;329,400;339;0,235095997505188;0,027066462426469533;0,233450000000093
4375;314,950;339;0,232443855752945;0,032797137135454554;0,230770000000090
4400;301,150;339;0,229881358489990;0,038495158250092275;0,228330000000088
4425;288,300;339;0,227835747537613;0,044160895785769629;0,226320000000086
4450;274,650;339;0,225135922546387;0,049794713504025839;0,223650000000083
4475;261,650;339;0,222638274488449;0,055396969052695678;0,221210000000080
4500;249,600;339;0,220529721660614;0,060968014102151052;0,219190000000078
4525;236,750;339;0,217809869709015;0,066508194477766416;0,216490000000076
4550;225,550;339;0,215978833332062;0,072017850288736016;0,214650000000074
4575;213,400;339;0,213334320898056;0,077497316053361590;0,212030000000071
4600;201,950;339;0,210881495084763;0,082946920820926265;0,209660000000069
4625;190,850;339;0,208556460351944;0,088366988290265458;0,207320000000067
4650;179,700;339;0,205965353145599;0,093757836925141877;0,204750000000064
4675;168,750;339;0,203295091762543;0,099119780066527260;0,202090000000061
4700;160,100;339;0,201891297206879;0,104453126041889832;0,200770000000060
4725;150,150;339;0,199541467189789;0,109758178271582990;0,198370000000058
4750;140,950;339;0,197388092117310;0,115035235372426756;0,196260000000056
4775;131,900;339;0,195152701873779;0,120284591258570481;0,194040000000053
4800;123,200;339;0,192829574470520;0,125506535239722133;0,191830000000051
4825;115,500;339;0,191225510311127;0,130701352116826153;0,190130000000049
4850;108,400;339;0,189253331546783;0,135869322275268711;0,188660000000048
4875;100,750;339;0,187119029769897;0,141010721775687381;0,186540000000046
4900;93,700;339;0,185207885551453;0,146125822442457809;0,184650000000044
4925;87,300;339;0,183538972187042;0,151214891949929070;0,183040000000042
4950;81,500;339;0,182306837291718;0,156278193906475793;0,181700000000041
4975;75,700;339;0,180941189327240;0,161315987936432953;0,180130000000039
5000;70,500;339;0,179524043464661;0,166328529759977223;0,178860000000038
5025;65,200;339;0,178145044193268;0,171316071271016307;0,177270000000037
5050;60,550;339;0,176718361682892;0,176278860613145294;0,176040000000035
5075;56,100;339;0,175543446674347;0,181217142253727870;0,174780000000034
5100;51,950;339;0,174442917518616;0,186131157056156932;0,173600000000033
5150;44,750;339;0,172537495288849;0,195887332001521586;0,171720000000031
5175;41,650;339;0,171999628353119;0,200729956477309596;0,171020000000030
5200;38,500;339;0,171030704936981;0,205549242913258490;0,170060000000029
5225;35,800;339;0,170460413398743;0,210345415176751510;0,169440000000029
5250;33,500;339;0,170088484134674;0,215118693929409188;0,169150000000028
5275;31,150;339;0,169537265892029;0,219869296688007171;0,168620000000028
5300;28,850;339;0,168934549751282;0,224597437883953116;0,167960000000027
5325;27,000;339;0,168728558158875;0,229303328921365762;0,167780000000027
5350;25,050;339;0,168200227870941;0,233987178233792142;0,167280000000027
5375;23,250;339;0,167805410652161;0,238649191339603439;0,166830000000026
5400;21,700;339;0,167568901786804;0,243289570896105645;0,166620000000026
5450;18,750;339;0,166954741668701;0,252506226001029621;0,165980000000025
5550;14,400;339;0,167015776214600;0,270688545084220078;0,165930000000025
5600;12,650;339;0,166886077804565;0,279657215066980436;0,166040000000025
5700;9,800;339;0,167664268264771;0,297356792166381334;0,166460000000026
5800;7,650;339;0,168480605316162;0,314748534878250497;0,167160000000026
5900;6,000;339;0,169426640777588;0,331842968237550606;0,168020000000027
6000;4,800;339;0,171066944198608;0,348650086553931815;0,169350000000029
6100;3,900;339;0,173042937622070;0,365179388505142533;0,170990000000030
6300;2,725;339;0,177879925384521;0,397440250723363919;0,175270000000035
6500;2,025;339;0,183785017700195;0,428692794227468310;0,180400000000040
6600;1,775;339;0,186928296813965;0,443960266358256750;0,183110000000042
6800;1,375;339;0,193092785949707;0,473813229507937861;0,188340000000048
7000;1,075;339;0,198402791442871;0,502800766381190201;0,193300000000053
7200;0,900;339;0,204719866943359;0,530971643347886491;0,199180000000058
7400;0,775;339;0,211006425170898;0,558370617536000924;0,205190000000064
7800;0,475;339;0,221107642517090;0,611014351021422986;0,212520000000072
8000;0,350;339;0,226142992553711;0,636332159005712827;0,214690000000074
